0;África do Sul
0;Alemanha
0;Argentina
0;Austrália
0;Áustria
0;Bahamas
0;Barbados
0;Brasil
0;Bulgaria
0;Bélgica
0;Canadá
0;Chile
0;China
0;Chipre
0;Colômbia
0;Coreia do Sul
0;Costa Rica
0;Croácia
0;Cuba
0;Dinamarca
0;Egito
0;Equador
0;Escócia
0;Espanha
0;Estados Unidos da América
0;Filipinas
0;Finlândia
0;França
0;Grécia
0;Holanda
0;Hungria
0;Índia
0;Indonésia
0;Inglaterra
0;Irlanda
0;Itália
0;Jamaica
0;Japão
0;Lituânia
0;Malta
0;Malásia
0;Marrocos
0;México
0;Nigéria
0;Noruega
0;Nova Zelândia
0;Panamá
0;País de Gales
0;Peru
0;Polónia
0;Porto Rico
0;Portugal
0;Reino Unido
0;República Checa
0;Romania
0;Romênia
0;Rússia
0;Singapore
0;Singapura
0;Suécia
0;Suíça
0;Sérvia
0;Tailândia
0;Tenerife
0;Turquia
0;Venezuela
