0;SophiaMovieManiac;melodyadventure22@gmail.com;Premium;30
0;DanielFashionista;johntechgeek@gmail.com;Standard;2
0;ChloeFoodieForever;sarahstargazer@hotmail.com;Premium;57
0;AidenDIYEnthusiast;dylancoffeeaddict@hotmail.com;Standard;58
0;IsabellaBeachBum;emilybookworm123@gmail.com;Premium;57
0;CalebPhotographyFan;liamfitnessfanatic@hotmail.com;Standard;41
0;EllaChessPlayer;zoenatureexplorer@gmail.com;Premium;13
0;JacksonCookingWizard;lucasgamerpro_x@hotmail.com;Premium;19
0;HarperCyclistLife;sophiaartisticsoul@gmail.com;Standard;18
0;MasonGreenThumb;ethansciencebuff@hotmail.com;Premium;15
0;AddisonSkyDiver;audreytravelenthusiast@gmail.com;Standard;43
0;LiamMysteryNovelist;maxmovie-maniac84@hotmail.com;Premium;66
0;ZoeySoccerStar;averyfashionista22@gmail.com;Premium;56
0;SamuelMountainClimber;oliverfoodieforever@hotmail.com;Standard;64
0;AvaHappyHiker;miaDIYenthusiast@gmail.com;Premium;33
0;AlexAdventure22;jacobbeachbum@hotmail.com;Premium;20
0;LilyTechGeek;chloephotographyfan@gmail.com;Standard;61
0;RyanStarGazer;williamchessplayer@hotmail.com;Standard;8
0;SarahCoffeeAddict;madisoncookingwizard@gmail.com;Premium;13
0;MaxBookworm123;owencyclistlife@hotmail.com;Premium;44
0;ZoeFitnessFanatic;zarahgreen-thumb@gmail.com;Standard;20
0;EthanNatureExplorer;loganskidiverextreme@hotmail.com;Premium;7
0;AvaGamerPro_X;victoriamysterynovelist@gmail.com;Premium;57
0;LeoArtisticSoul;isaacskydiver@hotmail.com;Standard;10
0;EmmaScienceBuff;averygreensoccer@hotmail.com;Premium;13
0;JakeTravelEnthusiast;lilyhikerhappy@gmail.com;Standard;10
0;MiaCodeNinja365;danielmountainclimber@hotmail.com;Premium;62
0;OliverYogaMaster;zoeymusiclover@gmail.com;Standard;6
0;GraceChessPlayer;jacksonadventureseeker@hotmail.com;Premium;21
0;NoahPhotographyFan;emilytechgeek@gmail.com;Standard;21
0;LaughingLara;LaughingLara@gmail.com;Premium;35
0;SunnySantiago;SunnySantiago@gmail.com;Premium;34
0;ChucklingClara;ChucklingClara@gmail.com;Standard;32
0;SillySamantha;SillySamantha@gmail.com;Premium;31
0;JollyJoão;JollyJoao@gmail.com;Standard;29
0;GigglingGabriel;GigglingGabriel@gmail.com;Premium;28
0;CheekyChloe;CheekyChloe@gmail.com;Premium;27
0;ContentCatarina;ContentCatarina@gmail.com;Standard;26
0;ChucklingCharlie;ChucklingCharlie@gmail.com;Premium;25
0;CarefreeCecília;CarefreeCecilia@gmail.com;Premium;24
0;GrinningGustavo;GrinningGustavo@gmail.com;Standard;23
0;PlayfulPedro;PlayfulPedro@gmail.com;Standard;22
0;JoyfulJúlia;JoyfulJulia@gmail.com;Premium;12
0;ChucklingChico;ChucklingChico@gmail.com;Premium;11
0;MerryMaria;MerryMaria@gmail.com;Standard;9
0;WhimsicalWilliam;WhimsicalWilliam@gmail.com;Premium;54
0;GleefulGabriela;GleefulGabriela@gmail.com;Premium;53
0;SilverShadowSmith;SilverShadowSmith@gmail.com;Standard;52
0;MysticMariaWhisper;MysticMariaWhisper@gmail.com;Premium;51
0;CrimsonVelvetJones;CrimsonVelvetJones@gmail.com;Standard;50
0;VelvetAzureFlame;VelvetAzureFlame@gmail.com;Premium;49
0;LunarEchoWilliams;LunarEchoWilliams@gmail.com;Standard;17
0;ShadowSphinxPerez;ShadowSphinxPerez@gmail.com;Standard;16
0;EmberGlowJohnson;EmberGlowJohnson@gmail.com;Premium;14
0;TwilightWhisperBrown;TwilightWhisperBrown@gmail.com;Standard;5
0;AuroraBreezeTaylor;AuroraBreezeTaylor@gmail.com;Premium;4
0;WhisperingLeeEcho;WhisperingLeeEcho@gmail.com;Standard;1
0;Ethan123;Ethan123@hotmail.com;Premium;48
0;AvaRegister;AvaRegister@hotmail.com;Premium;47
0;LiamMember;LiamMember@hotmail.com;Standard;46
0;SophiaOwner;SophiaOwner@hotmail.com;Premium;45
0;NoahProfile;NoahProfile@hotmail.com;Standard;42
0;MiaAccount;MiaAccount@hotmail.com;Premium;40
0;JacobUser;JacobUser@hotmail.com;Standard;65
0;Isabella123;Isabella123@hotmail.com;Premium;63
0;WilliamHolder;WilliamHolder@hotmail.com;Premium;60
0;EmmaPrimary;EmmaPrimary@hotmail.com;Standard;59
0;MichaelUser;MichaelUser@hotmail.com;Premium;55
0;CharlotteProfile;CharlotteProfile@hotmail.com;Premium;39
0;JamesAccount;JamesAccount@hotmail.com;Standard;38
0;AmeliaMember;AmeliaMember@hotmail.com;Standard;37
0;BenjaminOwner;BenjaminOwner@hotmail.com;Premium;36
